{"cameraMode":{"drawMode":0,"name":"Shaded","section":"Shading Mode"},"sceneLighting":true,"audioPlay":false,"sceneViewState":{"showFog":false,"showMaterialUpdate":false,"showSkybox":true,"showFlares":false,"showImageEffects":false,"showParticleSystems":false},"in2DMode":false,"pivot":{"x":6.235206604003906,"y":72.39075469970703,"z":87.14947509765625},"rotation":{"x":-0.07794789224863053,"y":-0.08454153686761856,"z":0.006633417680859566,"w":-0.9933454394340515},"size":234.23016357421876,"orthographic":false}