{"cameraMode":{"drawMode":0,"name":"Shaded","section":"Shading Mode"},"sceneLighting":true,"audioPlay":false,"sceneViewState":{"showFog":false,"showMaterialUpdate":false,"showSkybox":true,"showFlares":false,"showImageEffects":false,"showParticleSystems":false},"in2DMode":false,"pivot":{"x":91.79380798339844,"y":190.07574462890626,"z":67.71160888671875},"rotation":{"x":0.046907197684049609,"y":-0.17823974788188935,"z":-0.008507419377565384,"w":-0.9828329086303711},"size":391.201904296875,"orthographic":false}